{
  "properties": {
    "connectionReferences": {
      "shared_commondataserviceforapps": {
        "runtimeSource": "embedded",
        "connection": {
          "connectionReferenceLogicalName": "contoso_sharedcommondataserviceforapps_20abf"
        },
        "api": {
          "name": "shared_commondataserviceforapps"
        }
      },
      "shared_approvals": {
        "runtimeSource": "embedded",
        "connection": {
          "connectionReferenceLogicalName": "contoso_sharedapprovals_3799e"
        },
        "api": {
          "name": "shared_approvals"
        }
      }
    },
    "definition": {
      "$schema": "https://schema.management.azure.com/providers/Microsoft.Logic/schemas/2016-06-01/workflowdefinition.json#",
      "contentVersion": "1.0.0.0",
      "parameters": {
        "$connections": {
          "defaultValue": {},
          "type": "Object"
        },
        "$authentication": {
          "defaultValue": {},
          "type": "SecureObject"
        }
      },
      "triggers": {
        "When_a_row_is_added,_modified_or_deleted": {
          "metadata": {
            "operationMetadataId": "fb885671-c378-4879-9c03-762ba695d948"
          },
          "type": "OpenApiConnectionWebhook",
          "inputs": {
            "host": {
              "connectionName": "shared_commondataserviceforapps",
              "operationId": "SubscribeWebhookTrigger",
              "apiId": "/providers/Microsoft.PowerApps/apis/shared_commondataserviceforapps"
            },
            "parameters": {
              "subscriptionRequest/message": 4,
              "subscriptionRequest/entityname": "contoso_session",
              "subscriptionRequest/scope": 4,
              "subscriptionRequest/filteringattributes": "contoso_capacity"
            },
            "authentication": "@parameters('$authentication')"
          }
        }
      },
      "actions": {
        "Condition": {
          "actions": {
            "Update_a_row": {
              "runAfter": {},
              "metadata": {
                "operationMetadataId": "2f60549d-3c03-4cf0-9ed5-57748a0f3c8e"
              },
              "type": "OpenApiConnection",
              "inputs": {
                "host": {
                  "connectionName": "shared_commondataserviceforapps",
                  "operationId": "UpdateRecord",
                  "apiId": "/providers/Microsoft.PowerApps/apis/shared_commondataserviceforapps"
                },
                "parameters": {
                  "entityName": "contoso_sessions",
                  "recordId": "@triggerOutputs()?['body/contoso_sessionid']",
                  "item/contoso_sessionstatus": 463270001
                },
                "authentication": "@parameters('$authentication')"
              }
            },
            "Start_and_wait_for_an_approval": {
              "runAfter": {
                "Update_a_row": [
                  "Succeeded"
                ]
              },
              "metadata": {
                "operationMetadataId": "920c288d-0163-453f-a06b-ccb90f13dd4f"
              },
              "type": "OpenApiConnectionWebhook",
              "inputs": {
                "host": {
                  "connectionName": "shared_approvals",
                  "operationId": "StartAndWaitForAnApproval",
                  "apiId": "/providers/Microsoft.PowerApps/apis/shared_approvals"
                },
                "parameters": {
                  "approvalType": "Basic",
                  "WebhookApprovalCreationInput/title": "Session Capacity Request for @{outputs('Update_a_row')?['body/contoso_name']}",
                  "WebhookApprovalCreationInput/assignedTo": "Pierre@dynamicsest.top;",
                  "WebhookApprovalCreationInput/details": "A session’s capacity has changed \nSession : @{outputs('Update_a_row')?['body/contoso_name']}\nCapacity : @{outputs('Update_a_row')?['body/contoso_capacity']}",
                  "WebhookApprovalCreationInput/enableNotifications": true,
                  "WebhookApprovalCreationInput/enableReassignment": true
                },
                "authentication": "@parameters('$authentication')"
              }
            },
            "Condition_2": {
              "actions": {
                "Update_a_row_2": {
                  "runAfter": {},
                  "metadata": {
                    "operationMetadataId": "7147472c-3564-49b2-8141-506f573a963d"
                  },
                  "type": "OpenApiConnection",
                  "inputs": {
                    "host": {
                      "connectionName": "shared_commondataserviceforapps",
                      "operationId": "UpdateRecord",
                      "apiId": "/providers/Microsoft.PowerApps/apis/shared_commondataserviceforapps"
                    },
                    "parameters": {
                      "entityName": "contoso_sessions",
                      "recordId": "@triggerOutputs()?['body/contoso_sessionid']",
                      "item/contoso_sessionstatus": 463270002
                    },
                    "authentication": "@parameters('$authentication')"
                  }
                }
              },
              "runAfter": {
                "Start_and_wait_for_an_approval": [
                  "Succeeded"
                ]
              },
              "else": {
                "actions": {
                  "Update_a_row_3": {
                    "runAfter": {},
                    "metadata": {
                      "operationMetadataId": "d8bc50fe-811f-4c95-b583-e8bbc5a9e587"
                    },
                    "type": "OpenApiConnection",
                    "inputs": {
                      "host": {
                        "connectionName": "shared_commondataserviceforapps",
                        "operationId": "UpdateRecord",
                        "apiId": "/providers/Microsoft.PowerApps/apis/shared_commondataserviceforapps"
                      },
                      "parameters": {
                        "entityName": "contoso_sessions",
                        "recordId": "@triggerOutputs()?['body/contoso_sessionid']",
                        "item/contoso_sessionstatus": 463270003
                      },
                      "authentication": "@parameters('$authentication')"
                    }
                  }
                }
              },
              "expression": {
                "equals": [
                  "@outputs('Start_and_wait_for_an_approval')?['body/outcome']",
                  "Approve"
                ]
              },
              "metadata": {
                "operationMetadataId": "4a179cc9-3e14-4315-a603-fbdfd465d473"
              },
              "type": "If"
            }
          },
          "runAfter": {},
          "expression": {
            "greaterOrEquals": [
              "@triggerOutputs()?['body/contoso_capacity']",
              50
            ]
          },
          "metadata": {
            "operationMetadataId": "6f74230e-a691-44a2-80f9-d55fe6b76211"
          },
          "type": "If"
        }
      }
    },
    "templateName": ""
  },
  "schemaVersion": "1.0.0.0"
}